{"cameraMode":{"drawMode":0,"name":"Shaded","section":"Shading Mode"},"sceneLighting":true,"audioPlay":false,"sceneViewState":{"showFog":true,"showMaterialUpdate":false,"showSkybox":true,"showFlares":true,"showImageEffects":true,"showParticleSystems":true},"in2DMode":false,"pivot":{"x":-0.07462945580482483,"y":-67.30973052978516,"z":6.41811466217041},"rotation":{"x":-0.6719310879707336,"y":-0.0028879204764962198,"z":0.0026261145249009134,"w":-0.7406175136566162},"size":93.549072265625,"orthographic":false}