{"cameraMode":{"drawMode":0,"name":"Shaded","section":"Shading Mode"},"sceneLighting":true,"audioPlay":false,"sceneViewState":{"showFog":true,"showMaterialUpdate":false,"showSkybox":true,"showFlares":true,"showImageEffects":true,"showParticleSystems":true},"in2DMode":false,"pivot":{"x":-2.4111595153808595,"y":-48.77180862426758,"z":12.985366821289063},"rotation":{"x":-0.5930004715919495,"y":-0.007974394597113133,"z":0.005871774163097143,"w":-0.8051508665084839},"size":67.55814361572266,"orthographic":false}